,X,Y,OBJECTID,cat1,cat2,Name,city,state,post_id,zip,latitude,longitude,date_updated,POINT_X,POINT_Y,Program_Type
239,-118.1490081574,34.6315964555378,64231,Health and Mental Health,Mental Health Programs,Heritage Clinic - Palmdale,Palmdale,CA,71060,93551.0,34.63159649,-118.1490081,2010/11/01 11:50:56+00,6516846.52196056,2052264.49614039,General Mental Health Program
53,-118.140271056917,34.5837595662295,735,Health and Mental Health,Mental Health Programs,Optimist Foster Family And Adoption Services,Palmdale,CA,938,93551.0,34.5837596,-118.140271,2013/06/01 11:50:56+00,6519450.47311747,2034851.6057694,General Mental Health Program
46,-118.06254855766,34.558683555855,483,Health and Mental Health,Mental Health Programs,Action Family Counseling - Antelope Valley,Palmdale,CA,816,93550.0,34.55868359,-118.0625485,2013/06/01 11:50:56+00,6542838.30626297,2025702.21396323,General Mental Health Program
236,-118.102260957606,34.5801306160327,64211,Health and Mental Health,Mental Health Programs,Los Angeles County Department Of Mental Health - Palmdale Mental Health Center,Palmdale,CA,71053,93550.0,34.58013065,-118.1022609,2010/11/01 11:50:56+00,6530889.69728622,2033517.13665356,General Mental Health Program
268,-118.125056357501,34.6720626263326,65246,Health and Mental Health,Mental Health Programs,Masada Homes - Lancaster Office,Lancaster,CA,71635,93535.0,34.67206266,-118.1250563,2010/11/01 11:50:56+00,6524069.88776314,2066981.46900298,General Mental Health Program
193,-118.125206657182,34.6695368855587,63310,Health and Mental Health,Mental Health Programs,Los Angeles County Department Of Mental Health - Antelope Valley Mental Health Center,Lancaster,CA,70625,93535.0,34.66953692,-118.1252066,2010/11/01 11:50:56+00,6524023.55255397,2066062.33370215,General Mental Health Program
33,-118.12293895767,34.6701707862824,348,Health and Mental Health,Mental Health Programs,Antelope Valley Mental Health Center,Lancaster,CA,761,93535.0,34.67017082,-118.1229389,2010/11/01 19:50:56+00,6524705.67979863,2066292.18724506,General Mental Health Program
105,-118.146435557624,34.6886802661531,1527,Health and Mental Health,Mental Health Programs,Helplines Of Youth Support Association,Lancaster,CA,1347,93534.0,34.6886803,-118.1464355,2013/06/01 11:50:56+00,6517650.66044414,2073037.80531548,General Mental Health Program
160,-118.13607065774,34.6952662159025,62553,Health and Mental Health,Mental Health Programs,Hathaway-Sycamores - Lancaster Community Based Mental Health Services,Lancaster,CA,70280,93534.0,34.69526625,-118.1360706,2010/11/01 11:50:56+00,6520769.67290689,2075430.25525498,General Mental Health Program
0,-118.13607055734,34.6952662259313,1,Health and Mental Health,Mental Health Programs,Residential Program,Lancaster,CA,215,93534.0,34.69526626,-118.1360705,2010/11/01 19:50:56+00,6520769.70309055,2075430.2588639,General Mental Health Program
234,-117.914631056713,34.049510187052,64199,Health and Mental Health,Mental Health Programs,San Gabriel / Pomona Parents Place Family Resource And Empowerment Center,West Covina,CA,71049,91791.0,34.04951022,-117.914631,2015/03/11 11:18:38+00,6587530.47737713,1840409.09997015,General Mental Health Program
232,-117.942107956626,34.0678394170171,64104,Health and Mental Health,Mental Health Programs,Services Center For Independent Living Pomona And East San Gabriel Valley - West Covina,West Covina,CA,70973,91790.0,34.06783945,-117.9421079,2010/11/01 11:50:56+00,6579203.27880847,1847073.5282423,General Mental Health Program
227,-117.938657357145,34.0735224967185,64057,Health and Mental Health,Mental Health Programs,Pacific Clinics - Assertive Community Treatment - West Covina,West Covina,CA,70949,91790.0,34.07352253,-117.9386573,2010/11/01 11:50:56+00,6580247.05001488,1849142.32922281,General Mental Health Program
146,-117.934957757017,34.0690746075155,62288,Health and Mental Health,Mental Health Programs,Foothill Family Service - West Covina Office,West Covina,CA,70039,91790.0,34.06907464,-117.9349577,2010/11/01 11:50:56+00,6581368.46607913,1847524.36198631,General Mental Health Program
23,-117.892546057092,34.0276939674972,290,Health and Mental Health,Mental Health Programs,Alma Family Services - Walnut Office,Walnut,CA,700,91789.0,34.027694,-117.892546,2013/06/01 11:50:56+00,6594228.99514805,1832476.16964181,General Mental Health Program
73,-118.10024386724,34.0976456373161,893,Health and Mental Health,Mental Health Programs,Asian Youth Center,San Gabriel,CA,1061,91776.0,34.09764567,-118.10024381,2016/05/02 12:40:17+00,6531321.74301006,1857930.65875898,General Mental Health Program
13,-118.106481056788,34.0697229666872,166,Health and Mental Health,Mental Health Programs,Ingleside Hospital,Rosemead,CA,632,91770.0,34.069723,-118.106481,2013/06/01 11:50:56+00,6529422.6848003,1847771.01700482,General Mental Health Program
204,-118.065154656389,34.081585757312,63607,Health and Mental Health,Mental Health Programs,Pacific Clinics - Asian Pacific Family Center,Rosemead,CA,70766,91770.0,34.08158579,-118.0651546,2010/11/01 11:50:56+00,6541941.13154814,1852077.42702715,General Mental Health Program
65,-117.753202057829,34.0819982570786,868,Health and Mental Health,Mental Health Programs,Braswell Rehabilitation Institute For Development Of Growth And Educational Services Inc,Pomona,CA,1047,91767.0,34.08199829,-117.753202,2013/06/01 11:50:56+00,6636401.77760021,1852312.89801289,General Mental Health Program
87,-117.752335057633,34.0827549670767,1093,Health and Mental Health,Mental Health Programs,Tri-City Mental Health Center,Pomona,CA,1145,91767.0,34.082755,-117.752335,2013/06/01 11:50:56+00,6636663.62976681,1852588.92403564,General Mental Health Program
228,-117.737259157265,34.0956215470346,64058,Health and Mental Health,Mental Health Programs,Pacific Clinics - Assertive Community Treatment - Pomona,Pomona,CA,70950,91767.0,34.09562158,-117.7372591,2010/11/01 11:50:56+00,6641216.38345656,1857282.88971332,General Mental Health Program
133,-117.735318257431,34.0907962870908,62199,Health and Mental Health,Mental Health Programs,Prototypes I-Can - Pomona,Pomona,CA,70008,91767.0,34.09079632,-117.7353182,2010/11/01 11:50:56+00,6641808.62275764,1855528.43456081,General Mental Health Program
141,-117.737259157265,34.0956215470346,62252,Health and Mental Health,Mental Health Programs,Pacific Clinics - Bonita Family Center,Pomona,CA,70024,91767.0,34.09562158,-117.7372591,2010/11/01 11:50:56+00,6641216.38345656,1857282.88971332,General Mental Health Program
91,-117.740507057459,34.0292709677694,1120,Health and Mental Health,Mental Health Programs,Olive Vista Rehabilitation Center,Pomona,CA,1169,91766.0,34.029271,-117.740507,2013/06/01 11:50:56+00,6640295.40531164,1833134.15979564,General Mental Health Program
148,-117.751808957768,34.1208939270068,62317,Health and Mental Health,Mental Health Programs,Leroy Haynes Center,La Verne,CA,70046,91750.0,34.12089396,-117.7518089,2010/11/01 11:50:56+00,6636788.66199705,1866468.75618406,General Mental Health Program
215,-117.975930656873,34.0333664269213,63752,Health and Mental Health,Mental Health Programs,Enki - La Puente Valley Mental Health Center,La Puente,CA,70817,91744.0,34.03336646,-117.9759306,2010/11/01 11:50:56+00,6568962.88754389,1834523.9591814,General Mental Health Program
135,-117.872567857723,34.1175699871477,62229,Health and Mental Health,Mental Health Programs,Pacific Clinics - Sierra Family Center,Glendora,CA,70018,91740.0,34.11757002,-117.8725678,2010/11/01 11:50:56+00,6600240.93850473,1865190.8210759,General Mental Health Program
275,-118.00545205735,34.0731626870495,65354,Health and Mental Health,Mental Health Programs,Alma Family Services  - El Monte Office,El Monte,CA,71693,91732.0,34.07316272,-118.005452,2010/11/01 11:50:56+00,6560019.26402697,1849005.7628949,General Mental Health Program
63,-118.025916056548,34.0581109675041,866,Health and Mental Health,Mental Health Programs,Bridges - Casitas Esperanza,El Monte,CA,1044,91732.0,34.058111,-118.025916,2013/06/01 11:50:56+00,6553820.60811722,1843529.11964872,General Mental Health Program
64,-118.02586305705,34.0580659673919,867,Health and Mental Health,Mental Health Programs,Bridges - Casitas Tranquilas,El Monte,CA,1046,91732.0,34.058066,-118.025863,2013/06/01 11:50:56+00,6553836.65696964,1843512.73910406,General Mental Health Program
66,-118.02593335651,34.0580080571173,869,Health and Mental Health,Mental Health Programs,Bridges - Project Independence - A Wellness And Recovery Center,El Monte,CA,1048,91732.0,34.05800809,-118.0259333,2013/06/01 11:50:56+00,6553815.35845581,1843491.66992047,General Mental Health Program
216,-118.066700856794,34.0666346368746,63755,Health and Mental Health,Mental Health Programs,Enki - Youth And Family Services And Administration - El Monte,El Monte,CA,70818,91731.0,34.06663467,-118.0667008,2010/11/01 11:50:56+00,6541469.32278048,1846636.73712115,General Mental Health Program
104,-118.03608005636,34.0924559669167,1525,Health and Mental Health,Mental Health Programs,Pacific Clinics - Assertive Community Treatment - El Monte,El Monte,CA,1344,91731.0,34.092456,-118.03608,2013/06/01 11:50:56+00,6550746.51091897,1856028.86859931,General Mental Health Program
52,-117.871668556791,34.0959758568009,658,Health and Mental Health,Mental Health Programs,American Asian Pacific Ministries Inc,Covina,CA,905,91724.0,34.09597589,-117.8716685,2017/10/30 14:23:00+00,6600523.16825522,1857332.66684473,General Mental Health Program
143,-117.87194385711,34.10007532727,62257,Health and Mental Health,Mental Health Programs,Pacific Clinics - Family Outreach Services,Covina,CA,70026,91724.0,34.10007536,-117.8719438,2010/11/01 11:50:56+00,6600437.91940998,1858824.43354623,General Mental Health Program
20,-117.874218456768,34.1051833075446,267,Health and Mental Health,Mental Health Programs,Hathaway-Sycamores - Covina Community Based Mental Health Services,Covina,CA,686,91724.0,34.10518334,-117.8742184,2013/06/01 11:50:56+00,6599746.98378398,1860682.4521399,General Mental Health Program
233,-117.863711956695,34.072777597102,64127,Health and Mental Health,Mental Health Programs,Shuster Family Counseling Services,Covina,CA,70985,91724.0,34.07277763,-117.8637119,2010/11/01 11:50:56+00,6602943.5042938,1848893.55937915,General Mental Health Program
131,-117.863711956695,34.072777597102,62186,Health and Mental Health,Mental Health Programs,Rickman Recovery Center,Covina,CA,70003,91724.0,34.07277763,-117.8637119,2010/11/01 11:50:56+00,6602943.5042938,1848893.55937915,General Mental Health Program
116,-117.867070557379,34.1003825270874,58508,Health and Mental Health,Mental Health Programs,Aurora Behavioral Health Care - Charter Oak,Covina,CA,59947,91724.0,34.10038256,-117.8670705,2013/05/24 16:57:11+00,6601913.10806064,1858938.14460489,General Mental Health Program
19,-117.989131756615,34.0797226572873,259,Health and Mental Health,Mental Health Programs,"Eggleston Youth Center, Inc. - Baldwin Park",Irwindale,CA,679,91706.0,34.07972269,-117.9891317,2013/06/01 11:50:56+00,6564961.38701671,1851393.19447173,General Mental Health Program
78,-117.964652057193,34.0871269673667,915,Health and Mental Health,Mental Health Programs,City Of Baldwin Park Department Of Recreation And Community Services,Baldwin Park,CA,1068,91706.0,34.087127,-117.964652,2017/10/30 14:25:53+00,6572373.20191747,1854089.46762247,General Mental Health Program
219,-118.385743356444,34.1868413563972,63763,Health and Mental Health,Mental Health Programs,San Fernando Valley Community Mental Health Center - Macdonald Carey East Valley Mental Health,North Hollywood,CA,70824,91606.0,34.18684139,-118.3857433,2010/11/01 11:50:56+00,6445012.25782096,1890599.32439265,General Mental Health Program
196,-118.413959555858,34.1944341062741,63339,Health and Mental Health,Mental Health Programs,Valley Community Clinic,North Hollywood,CA,70636,91605.0,34.19443414,-118.4139595,2010/11/01 11:50:56+00,6436490.42512713,1893396.38441531,General Mental Health Program
107,-118.306259056688,34.1812429669037,1551,Health and Mental Health,Mental Health Programs,Salvation Army Corps Community Center - Burbank,Burbank,CA,1360,91502.0,34.181243,-118.306259,2013/06/01 11:50:56+00,6469043.93383889,1888479.23578507,General Mental Health Program
79,-118.476537056051,34.1556329665256,965,Health and Mental Health,Mental Health Programs,Vbs Counseling Center,Encino,CA,1079,91436.0,34.155633,-118.476537,2013/06/01 11:50:56+00,6417500.3988028,1879359.92561164,General Mental Health Program
220,-118.452209155942,34.1793473264135,63767,Health and Mental Health,Mental Health Programs,San Fernando Valley Community Mental Health Center - Cornerstone,Van Nuys,CA,70825,91411.0,34.17934736,-118.4522091,2010/11/01 11:50:56+00,6424899.25506805,1887955.92252722,General Mental Health Program
175,-118.468392155587,34.2009933762922,62807,Health and Mental Health,Mental Health Programs,Asian Pacific Counseling And Treatment Centers - San Fernando Valley Center,Van Nuys,CA,70417,91406.0,34.20099341,-118.4683921,2010/11/01 11:50:56+00,6420041.43309081,1895855.63966739,General Mental Health Program
2,-118.486827056165,34.1996899667923,14,Health and Mental Health,Mental Health Programs,Valley Trauma Counseling Center - Sophia Ave Van Nuys Office,Van Nuys,CA,563,91406.0,34.19969,-118.486827,2013/06/01 11:50:56+00,6414464.97147472,1895407.79673105,General Mental Health Program
222,-118.450093756349,34.2006190863031,63770,Health and Mental Health,Mental Health Programs,San Fernando Valley Community Mental Health Center - Center For Family Living,Van Nuys,CA,70827,91405.0,34.20061912,-118.4500937,2010/11/01 11:50:56+00,6425573.71828605,1895694.15147331,General Mental Health Program
226,-118.445581656079,34.1953756565839,63998,Health and Mental Health,Mental Health Programs,Pacs San Fernando Valley Office,Van Nuys,CA,70933,91405.0,34.19537569,-118.4455816,2010/11/01 11:50:56+00,6426929.59221472,1893779.91284773,General Mental Health Program
99,-118.448895055532,34.1598369662226,1344,Health and Mental Health,Mental Health Programs,Sherman Oaks Hospital - Outpatient,Sherman Oaks,CA,1287,91403.0,34.159837,-118.448895,2013/06/01 11:50:56+00,6425869.89321864,1880851.32617214,General Mental Health Program
50,-118.448906055546,34.1515720164646,541,Health and Mental Health,Mental Health Programs,Counseling West - Sherman Oaks,Sherman Oaks,CA,854,91403.0,34.15157205,-118.448906,2013/06/01 11:50:56+00,6425853.13308156,1877843.60515347,General Mental Health Program
223,-118.431446556036,34.1852821467493,63778,Health and Mental Health,Mental Health Programs,San Fernando Valley Community Mental Health Center - East Valley Youth And Family Center,Van Nuys,CA,70829,91401.0,34.18528218,-118.4314465,2010/11/01 11:50:56+00,6431188.15390755,1890088.08886656,General Mental Health Program
147,-118.41936005635,34.1719099462164,62300,Health and Mental Health,Mental Health Programs,"Help Group, The",Sherman Oaks,CA,70042,91401.0,34.17190998,-118.41936,2015/03/11 12:43:44+00,6434823.14466906,1885206.27546747,General Mental Health Program
67,-118.592954055663,34.1841799667991,870,Health and Mental Health,Mental Health Programs,Bridges - Trustart Clinic,Woodland Hills,CA,1049,91367.0,34.18418,-118.592954,2013/06/01 11:50:56+00,6382341.63611522,1889935.88575889,General Mental Health Program
45,-118.595221355458,34.167607576773,477,Health and Mental Health,Mental Health Programs,Family Phases Counseling,Woodland Hills,CA,812,91364.0,34.16760761,-118.5952213,2013/06/01 11:50:56+00,6381620.22581264,1883909.0510278,General Mental Health Program
269,-118.55331865614,34.1719095765528,65267,Health and Mental Health,Mental Health Programs,Personal Growth Institute,Tarzana,CA,71647,91356.0,34.17190961,-118.5533186,2010/11/01 11:50:56+00,6394303.97177055,1885402.18780531,General Mental Health Program
6,-118.588722655804,34.4374051059195,96,Health and Mental Health,Mental Health Programs,Valley Trauma Counseling Center - Santa Clarita / Valencia Office,Valencia,CA,581,91355.0,34.43740514,-118.5887226,2013/06/01 11:50:56+00,6384161.06587531,1982080.19982947,General Mental Health Program
98,-118.563134596344,34.4213063656496,1230,Health and Mental Health,Mental Health Programs,Henry Mayo Newhall Memorial Hospital,Valencia,CA,1246,91355.0,34.4213064,-118.56313454,2016/01/22 17:01:02+00,6391843.36940831,1976177.42160881,General Mental Health Program
197,-118.546437056528,34.4205044557502,63354,Health and Mental Health,Mental Health Programs,Los Angeles County Department Of Mental Health - Santa Clarita Valley Mental Health Center,Valencia,CA,70637,91355.0,34.42050449,-118.546437,2010/11/01 11:50:56+00,6396877.28289689,1975857.80184123,General Mental Health Program
221,-118.455029855966,34.2798613264108,63768,Health and Mental Health,Mental Health Programs,San Fernando Valley Community Mental Health Center - North Valley Youth And Family Center,Mission Hills,CA,70826,91345.0,34.27986136,-118.4550298,2010/11/01 11:50:56+00,6424211.7239628,1924538.26438865,General Mental Health Program
188,-118.502492455834,34.2625922061191,62949,Health and Mental Health,Mental Health Programs,Los Angeles County Department Of Mental Health - San Fernando Mental Health Center,Granada Hills,CA,70472,91344.0,34.26259224,-118.5024924,2010/11/01 11:50:56+00,6409842.5853783,1918322.0848919,General Mental Health Program
75,-118.501382056473,34.2286269667046,906,Health and Mental Health,Mental Health Programs,Alzheimer's Association - Greater San Fernando Valley Service Center,Northridge,CA,1065,91343.0,34.228627,-118.501382,2017/10/16 16:23:45+00,6410116.43489622,1905959.99675523,General Mental Health Program
182,-118.500388356062,34.228646116444,62899,Health and Mental Health,Mental Health Programs,Child And Family Guidance Center - Family Stress Center,North Hills,CA,70453,91343.0,34.22864615,-118.5003883,2010/11/01 11:50:56+00,6410416.83521405,1905965.46885714,General Mental Health Program
34,-118.435384455997,34.3251389662426,349,Health and Mental Health,Mental Health Programs,Psychiatric Emergency Services,Sylmar,CA,762,91342.0,34.325139,-118.4353844,2010/11/01 19:50:56+00,6430217.6765178,1940989.19703789,General Mental Health Program
207,-118.443474356043,34.2784488967174,63636,Health and Mental Health,Mental Health Programs,El Centro De Amistad - San Fernando,San Fernando,CA,70779,91340.0,34.27844893,-118.4434743,2010/11/01 11:50:56+00,6427700.19992547,1924008.65882055,General Mental Health Program
61,-118.5376779562,34.2009801160026,860,Health and Mental Health,Mental Health Programs,Associated Psychological Services,Reseda,CA,1034,91335.0,34.20098015,-118.5376779,2013/06/01 11:50:56+00,6399091.4730223,1895955.65751198,General Mental Health Program
230,-118.552142755414,34.1867830365876,64091,Health and Mental Health,Mental Health Programs,Valley Coordinated Children's Services,Reseda,CA,70969,91335.0,34.18678307,-118.5521427,2010/11/01 11:50:56+00,6394689.3834013,1890812.87186581,General Mental Health Program
83,-118.413579056069,34.2757419667559,1004,Health and Mental Health,Mental Health Programs,North East Valley Multipurpose Center,Pacoima,CA,1105,91331.0,34.275742,-118.413579,2014/05/21 17:46:10+00,6436727.23075588,1922985.06441106,General Mental Health Program
282,-118.404457756805,34.2786513862071,65716,Health and Mental Health,Mental Health Programs,Hathaway-Sycamores - Pacoima Mental Health Services,Pacoima,CA,71890,91331.0,34.27865142,-118.4044577,2010/11/01 11:50:56+00,6439487.0398688,1924032.63416632,General Mental Health Program
194,-118.404457756805,34.2786513862071,63323,Health and Mental Health,Mental Health Programs,Hillview Mental Health Center Inc,Pacoima,CA,70631,91331.0,34.27865142,-118.4044577,2016/06/16 14:34:25+00,6439487.0398688,1924032.63416632,General Mental Health Program
195,-118.404011656457,34.2790410467945,63328,Health and Mental Health,Mental Health Programs,Hillview Village - Permanent Supportive Housing,Pacoima,CA,70632,91331.0,34.27904108,-118.4040116,2010/11/01 11:50:56+00,6439622.37227531,1924173.89569481,General Mental Health Program
181,-118.523222855736,34.2458719467982,62890,Health and Mental Health,Mental Health Programs,Child And Family Guidance Center,Northridge,CA,70452,91325.0,34.24587198,-118.5232228,2015/03/11 11:24:40+00,6403547.29153848,1912269.3194384,General Mental Health Program
8,-118.535918056335,34.2285859663897,143,Health and Mental Health,Mental Health Programs,Valley Trauma Counseling Center,Northridge,CA,614,91324.0,34.228586,-118.535918,2013/06/01 11:50:56+00,6399677.17493489,1905998.94057497,General Mental Health Program
1,-118.544522355998,34.379410006369,5,Health and Mental Health,Mental Health Programs,Olive Vista,Newhall,CA,541,91321.0,34.37941004,-118.5445223,2010/11/01 19:50:56+00,6397373.69364947,1960899.79369956,General Mental Health Program
198,-118.544898756026,34.3789237058234,63364,Health and Mental Health,Mental Health Programs,Child And Family Center - Newhall 204 Office,Newhall,CA,70640,91321.0,34.37892374,-118.5448987,2010/11/01 11:50:56+00,6397259.1656633,1960723.43742497,General Mental Health Program
31,-118.547248656287,34.3781870062595,342,Health and Mental Health,Mental Health Programs,Santa Clarita Valley Mental Health Center,Newhall,CA,754,91321.0,34.37818704,-118.5472486,2010/11/01 19:50:56+00,6396548.68250422,1960459.19385898,General Mental Health Program
199,-118.544528856586,34.3794922661466,63367,Health and Mental Health,Mental Health Programs,Child And Family Center - Newhall 304 Office,Santa Clarita,CA,70641,91321.0,34.3794923,-118.5445288,2010/11/01 11:50:56+00,6397371.89444047,1960929.73983389,General Mental Health Program
62,-118.591790056141,34.2425249663102,865,Health and Mental Health,Mental Health Programs,Rancho San Antonio,Chatsworth,CA,1042,91311.0,34.242525,-118.59179,2013/06/01 11:50:56+00,6382818.66928189,1911166.24323247,General Mental Health Program
251,-118.577786855752,34.2202615359716,64420,Health and Mental Health,Mental Health Programs,Bridges - Primer Paso,Canoga Park,CA,71164,91306.0,34.22026157,-118.5777868,2010/11/01 11:50:56+00,6387004.11891621,1903039.69091606,General Mental Health Program
51,-118.606994055895,34.200882966755,551,Health and Mental Health,Mental Health Programs,Grandparents As Parents Inc,Canoga Park,CA,864,91303.0,34.200883,-118.606994,2013/06/01 11:50:56+00,6378132.23770988,1896039.6432364,General Mental Health Program
231,-118.601371156214,34.2027358060868,64096,Health and Mental Health,Mental Health Programs,Child Development Institute - Early Learning Center - Canoga Park,Canoga Park,CA,70972,91303.0,34.20273584,-118.6013711,2010/11/01 11:50:56+00,6379836.45969513,1896703.69341747,General Mental Health Program
206,-118.601381056018,34.1941253466581,63631,Health and Mental Health,Mental Health Programs,El Centro De Amistad,Canoga Park,CA,70778,91303.0,34.19412538,-118.601381,2014/06/09 16:55:01+00,6379814.71925305,1893570.26562923,General Mental Health Program
262,-118.229690656666,34.1425257364041,64993,Health and Mental Health,Mental Health Programs,Glendale Center - Didi Hirsch,Glendale,CA,71544,91205.0,34.14252577,-118.2296906,2010/11/01 11:50:56+00,6492169.39283723,1874327.63121431,General Mental Health Program
3,-118.257443036499,34.128058406799,26,Health and Mental Health,Mental Health Programs,Glendale Memorial Hospital And Health Center,Glendale,CA,570,91204.0,34.12805844,-118.25744298,2016/01/22 16:10:02+00,6483758.47166698,1869083.06919689,General Mental Health Program
257,-118.081142456408,34.1574008372477,64615,Health and Mental Health,Mental Health Programs,La Vie Counseling Center,Pasadena,CA,71268,91107.0,34.15740087,-118.0811424,2010/11/01 11:50:56+00,6537122.20352197,1879671.45451614,General Mental Health Program
47,-118.070238056803,34.1467209668104,486,Health and Mental Health,Mental Health Programs,Action Family Counseling - Pasadena,Pasadena,CA,817,91107.0,34.146721,-118.070238,2013/06/01 11:50:56+00,6540418.41051222,1875782.37174314,General Mental Health Program
142,-118.09797395647,34.1493819765439,62256,Health and Mental Health,Mental Health Programs,Pacific Clinics - Children's Specialty Services,Pasadena,CA,70025,91107.0,34.14938201,-118.0979739,2010/11/01 11:50:56+00,6532027.30360681,1876757.78285006,General Mental Health Program
270,-118.091315256442,34.1407605267461,65277,Health and Mental Health,Mental Health Programs,Personal Growth Institute - Pasadena,Pasadena,CA,71649,91107.0,34.14076056,-118.0913152,2010/11/01 11:50:56+00,6534039.11191913,1873618.38394514,General Mental Health Program
115,-118.092857156353,34.141107607202,58502,Health and Mental Health,Mental Health Programs,Aurora Las Encinas Hospital,Pasadena,CA,59945,91107.0,34.14110764,-118.0928571,2013/05/24 12:17:57+00,6533572.6627208,1873745.12024023,General Mental Health Program
132,-118.098104756734,34.1465393767302,62195,Health and Mental Health,Mental Health Programs,Prototypes I-Can - Pasadena I,Pasadena,CA,70006,91107.0,34.14653941,-118.0981047,2010/11/01 11:50:56+00,6531986.7190423,1875723.34791106,General Mental Health Program
17,-118.09215905674,34.1420189666642,220,Health and Mental Health,Mental Health Programs,San Gabriel Valley Psychological Association,Pasadena,CA,662,91107.0,34.142019,-118.092159,2013/06/01 11:50:56+00,6533784.20494863,1874076.58611272,General Mental Health Program
186,-118.174674456084,34.1248853071345,62945,Health and Mental Health,Mental Health Programs,Hillsides Family Center,Pasadena,CA,70470,91105.0,34.12488534,-118.1746744,2010/11/01 11:50:56+00,6508805.29591705,1867874.48073481,General Mental Health Program
137,-118.15162985642,34.1294541569348,62236,Health and Mental Health,Mental Health Programs,Pacific Clinics - Pasadena Family Services,Pasadena,CA,70020,91105.0,34.12945419,-118.1516298,2010/11/01 11:50:56+00,6515782.22323614,1869525.84751081,General Mental Health Program
212,-118.146796556339,34.128332537211,63709,Health and Mental Health,Mental Health Programs,Pacific Clinics - Passageways,Pasadena,CA,70799,91105.0,34.12833257,-118.1467965,2010/11/01 11:50:56+00,6517244.33973446,1869115.49859397,General Mental Health Program
82,-118.13268305705,34.1759969666159,986,Health and Mental Health,Mental Health Programs,Westminster Counseling Center,Pasadena,CA,1091,91104.0,34.175997,-118.132683,2013/06/01 11:50:56+00,6521538.4938758,1886455.50197165,General Mental Health Program
103,-118.132975056794,34.1632419671868,1524,Health and Mental Health,Mental Health Programs,Pacific Clinics - Assertive Community Treatment - Pasadena,Pasadena,CA,1343,91104.0,34.163242,-118.132975,2013/06/01 11:50:56+00,6521444.03409097,1881813.84688489,General Mental Health Program
138,-118.151219756358,34.1776804563837,62242,Health and Mental Health,Mental Health Programs,Pacific Clinics - Chap,Pasadena,CA,70021,91103.0,34.17768049,-118.1512197,2010/11/01 11:50:56+00,6515932.73507422,1887076.07126856,General Mental Health Program
238,-118.137935056628,34.1535719565292,64225,Health and Mental Health,Mental Health Programs,Heritage Clinic And The Community Assistance Program For Seniors,Pasadena,CA,71059,91101.0,34.15357199,-118.137935,2010/11/01 11:50:56+00,6519938.75560547,1878296.7791159,General Mental Health Program
28,-118.150465056987,34.1036843369499,337,Health and Mental Health,Mental Health Programs,Mental Health Court Program,South Pasadena,CA,745,91030.0,34.10368437,-118.150465,2010/11/01 19:50:56+00,6516120.69139121,1860147.2127248,General Mental Health Program
136,-118.000521357072,34.1423189167488,62233,Health and Mental Health,Mental Health Programs,Pacific Clinics - East Youth / East Outpatient Programs,Monrovia,CA,70019,91016.0,34.14231895,-118.0005213,2010/11/01 11:50:56+00,6561512.58879621,1874172.96157615,General Mental Health Program
32,-118.224519356206,33.9721747767081,343,Health and Mental Health,Mental Health Programs,Arcadia Mental Health Center,Monrovia,CA,755,91016.0,33.97217481,-118.2245193,2010/11/01 19:50:56+00,6493595.67869855,1812330.21583931,General Mental Health Program
144,-118.021930856979,34.1079791672945,62282,Health and Mental Health,Mental Health Programs,Los Angeles County Department Of Mental Health - Arcadia Mental Health Center,Arcadia,CA,70037,91006.0,34.1079792,-118.0219308,2010/11/01 11:50:56+00,6555031.6473618,1861676.81596482,General Mental Health Program
253,-118.022876257473,34.151428607152,64452,Health and Mental Health,Mental Health Programs,Los Angeles County Department Of Mental Health - Fsp Service Area 3 San Gabriel Valley/Pomona,Arcadia,CA,71177,91006.0,34.15142864,-118.0228762,2010/11/01 11:50:56+00,6554749.06262514,1877488.93132214,General Mental Health Program
108,-118.030857056376,34.1311119670985,1581,Health and Mental Health,Mental Health Programs,Pacific Clinics - Administration,Arcadia,CA,1369,91006.0,34.131112,-118.030857,2013/06/01 11:50:56+00,6552332.1783513,1870095.97924456,General Mental Health Program
145,-118.022876257473,34.151428607152,62286,Health and Mental Health,Mental Health Programs,Los Angeles County Department Of Mental Health - Arcadia Mental Health Center - Wellness Center,Arcadia,CA,70038,91006.0,34.15142864,-118.0228762,2010/11/01 11:50:56+00,6554749.06262514,1877488.93132214,General Mental Health Program
92,-118.027850057221,34.1322179666168,1127,Health and Mental Health,Mental Health Programs,Arcadia Presbyterian Church - Counseling Center,Arcadia,CA,1172,91006.0,34.132218,-118.02785,2013/06/01 11:50:56+00,6553242.28775156,1870498.20711464,General Mental Health Program
210,-118.121691056289,33.7934719672633,63673,Health and Mental Health,Mental Health Programs,Autism Society Of America - Greater Long Beach / San Gabriel Valley Chapter,Long Beach,CA,70789,90815.0,33.793472,-118.121691,2010/11/01 11:50:56+00,6524694.65029314,1747242.3066453,General Mental Health Program
277,-118.185436555841,33.8300999871246,65458,Health and Mental Health,Mental Health Programs,Heritage Clinic - Long Beach,Long Beach,CA,71755,90807.0,33.83010002,-118.1854365,2010/11/01 11:50:56+00,6505350.25558305,1760601.79337773,General Mental Health Program
245,-118.182059156534,33.8187807169647,64342,Health and Mental Health,Mental Health Programs,Harbor View Community Services Center,Long Beach,CA,71122,90807.0,33.81878075,-118.1820591,2010/11/01 11:50:56+00,6506368.56457005,1756480.54505856,General Mental Health Program
106,-118.187736055917,33.8120009675364,1544,Health and Mental Health,Mental Health Programs,Salvation Army Corps Community Center - Long Beach,Long Beach,CA,1359,90806.0,33.812001,-118.187736,2013/06/01 11:50:56+00,6504639.5591698,1754016.38955382,General Mental Health Program
109,-118.178304056648,33.7928059677717,1592,Health and Mental Health,Mental Health Programs,City Of Long Beach Department Of Health And Human Services - Central Facilities Center,Long Beach,CA,1371,90806.0,33.792806,-118.178304,2013/06/01 11:50:56+00,6507492.43436955,1747025.60005772,General Mental Health Program
5,-118.186743556181,33.808107267285,82,Health and Mental Health,Mental Health Programs,Long Beach Memorial Medical Center,Long Beach,CA,577,90806.0,33.8081073,-118.1867435,2016/01/25 13:37:43+00,6504938.42963505,1752598.80807139,General Mental Health Program
235,-118.189908155657,33.7932838271544,64204,Health and Mental Health,Mental Health Programs,Los Angeles County Department Of Mental Health - Long Beach Child And Adolescent Program,Long Beach,CA,71050,90806.0,33.79328386,-118.1899081,2010/11/01 11:50:56+00,6503966.84660447,1747205.96387023,General Mental Health Program
189,-118.189908155657,33.7932838271544,62950,Health and Mental Health,Mental Health Programs,Los Angeles County Department Of Mental Health - Long Beach Mental Health Services,Long Beach,CA,70473,90806.0,33.79328386,-118.1899081,2010/11/01 11:50:56+00,6503966.84660447,1747205.96387023,General Mental Health Program
54,-118.193490056714,33.8540009670507,793,Health and Mental Health,Mental Health Programs,American Health Services - El Dorado Community Service Centers - West County Long Beach,Long Beach,CA,996,90805.0,33.854001,-118.19349,2013/06/01 11:50:56+00,6502921.02258064,1769304.56501414,General Mental Health Program
173,-118.133654155938,33.7829394774755,62788,Health and Mental Health,Mental Health Programs,Childnet Behavioral Health,Long Beach,CA,70405,90804.0,33.78293951,-118.1336541,2010/11/01 11:50:56+00,6521054.58047356,1743413.8599059,General Mental Health Program
77,-118.192428056268,33.769171967502,913,Health and Mental Health,Mental Health Programs,Mental Health America Of Los Angeles,Long Beach,CA,1067,90802.0,33.769172,-118.192428,2013/06/01 11:50:56+00,6503184.37868123,1738432.44959314,General Mental Health Program
151,-118.1866587562,33.7683972172559,62360,Health and Mental Health,Mental Health Programs,Alma Family Services - Long Beach Office,Long Beach,CA,70201,90802.0,33.76839725,-118.1866587,2010/11/01 11:50:56+00,6504937.3558183,1738147.18966497,General Mental Health Program
125,-118.17110185639,33.7971079669767,61874,Health and Mental Health,Mental Health Programs,Brand New Day,Signal Hill ,CA,68342,90755.0,33.797108,-118.1711018,2013/10/24 14:37:50+00,6509683.49494806,1748587.41058239,General Mental Health Program
278,-118.264810856521,33.8724247767761,65481,Health and Mental Health,Mental Health Programs,"Greenfields Health Services, Inc.",Carson,CA,71769,90746.0,33.87242481,-118.2648108,2010/11/01 11:50:56+00,6481283.61670855,1776058.78805423,General Mental Health Program
7,-118.307462055479,33.7380669676096,108,Health and Mental Health,Mental Health Programs,Providence Little Company Of Mary Medical Center - Recovery Center,San Pedro,CA,591,90732.0,33.738067,-118.307462,2017/10/31 16:49:05+00,6468186.77347971,1727199.41005139,General Mental Health Program
190,-118.280823255966,33.7379853673548,62954,Health and Mental Health,Mental Health Programs,Los Angeles County Department Of Mental Health - San Pedro Mental Health Center,San Pedro,CA,70474,90731.0,33.7379854,-118.2808232,2010/11/01 11:50:56+00,6476286.17296331,1727146.01219231,General Mental Health Program
58,-118.280597055575,33.7356089672273,844,Health and Mental Health,Mental Health Programs,Harbor View House,San Pedro,CA,1023,90731.0,33.735609,-118.280597,2013/06/01 11:50:56+00,6476352.53470722,1726280.97914548,General Mental Health Program
202,-118.289833256383,33.7386517772952,63516,Health and Mental Health,Mental Health Programs,Harbor Community Clinic,San Pedro,CA,70724,90731.0,33.73865181,-118.2898332,2010/11/01 11:50:56+00,6473547.39333589,1727396.31418514,General Mental Health Program
56,-118.072321056254,33.8340099675009,806,Health and Mental Health,Mental Health Programs,American Health Services - El Dorado Community Service Centers - Hawaiian Gardens,Hawaiian Gardens,CA,1001,90716.0,33.83401,-118.072321,2013/06/01 11:50:56+00,6539706.28365564,1761980.68957005,General Mental Health Program
22,-118.148691636363,33.859869567224,283,Health and Mental Health,Mental Health Programs,Lakewood Regional Medical Center,Lakewood,CA,698,90712.0,33.8598696,-118.14869158,2016/01/25 12:58:18+00,6516526.3011443,1771417.14116956,General Mental Health Program
273,-118.120678456259,33.8818442770241,65320,Health and Mental Health,Mental Health Programs,Masada Homes - Bellflower Office,Bellflower,CA,71669,90706.0,33.88184431,-118.1206784,2010/11/01 11:50:56+00,6525040.93765831,1779402.87355764,General Mental Health Program
177,-118.09785335661,33.8724842670133,62813,Health and Mental Health,Mental Health Programs,Asian Pacific Counseling And Treatment Centers - Cerritos,Cerritos,CA,70419,90703.0,33.8724843,-118.0978533,2010/11/01 11:50:56+00,6531965.69907121,1775989.01030664,General Mental Health Program
161,-118.102987256945,33.8843223368517,62555,Health and Mental Health,Mental Health Programs,College Hospital,Cerritos,CA,70281,90703.0,33.88432237,-118.1029872,2010/11/01 11:50:56+00,6530411.65165439,1780298.72445622,General Mental Health Program
208,-118.101220856615,33.8587571769621,63640,Health and Mental Health,Mental Health Programs,Community Family Guidance Center,Cerritos,CA,70780,90703.0,33.85875721,-118.1012208,2010/11/01 11:50:56+00,6530938.42094205,1770994.39890482,General Mental Health Program
224,-118.099443356519,33.8700469272959,63796,Health and Mental Health,Mental Health Programs,Los Angeles County Department Of Mental Health - American Indian Counseling Center,Cerritos,CA,70839,90703.0,33.87004696,-118.0994433,2010/11/01 11:50:56+00,6531482.15673122,1775102.47697473,General Mental Health Program
134,-118.090624856679,33.9344694071669,62202,Health and Mental Health,Mental Health Programs,Low Cost Community Counseling Center,Santa Fe Springs,CA,70009,90670.0,33.93446944,-118.0906248,2010/11/01 11:50:56+00,6534180.33965506,1798544.77982756,General Mental Health Program
139,-118.082804056935,33.947103997361,62246,Health and Mental Health,Mental Health Programs,Pacific Clinics - El Camino,Santa Fe Springs,CA,70022,90670.0,33.94710403,-118.082804,2010/11/01 11:50:56+00,6536556.47630697,1803140.73815531,General Mental Health Program
140,-118.083070956055,33.9461807369012,62249,Health and Mental Health,Mental Health Programs,Pacific Clinics - Centro Familiar,Santa Fe Springs,CA,70023,90670.0,33.94618077,-118.0830709,2010/11/01 11:50:56+00,6536475.25009146,1802804.81034948,General Mental Health Program
205,-118.096110256731,34.0069391570674,63613,Health and Mental Health,Mental Health Programs,American Health Services - El Dorado Community Service Centers - Tavarua,Pico Rivera,CA,70770,90660.0,34.00693919,-118.0961102,2016/02/03 14:06:28+00,6532541.62278813,1824919.59617232,General Mental Health Program
274,-118.082132756348,34.0009241271452,65352,Health and Mental Health,Mental Health Programs,Alma Family Services - Pico Rivera Office,Pico Rivera,CA,71692,90660.0,34.00092416,-118.0821327,2010/11/01 11:50:56+00,6536776.07987039,1822726.84891739,General Mental Health Program
150,-118.082132756348,34.0009241271452,62356,Health and Mental Health,Mental Health Programs,Alma Family Services,Pico Rivera,CA,70200,90660.0,34.00092416,-118.0821327,2010/11/01 11:50:56+00,6536776.07987039,1822726.84891739,General Mental Health Program
280,-118.108528056128,34.0100830672057,65679,Health and Mental Health,Mental Health Programs,New Choices Counseling Center,Montebello,CA,71878,90640.0,34.0100831,-118.108528,2010/11/01 11:50:56+00,6528779.32092956,1826067.55909948,General Mental Health Program
246,-117.953270056738,33.9292519669858,64349,Health and Mental Health,Mental Health Programs,"Gary Center, The",La Habra,CA,71131,90631.0,33.929252,-117.95327,2010/11/01 11:50:56+00,6575846.22351472,1796636.94177973,General Mental Health Program
201,-118.026835156338,33.8098271474034,63495,Health and Mental Health,Mental Health Programs,Orange County Deaf Equal Access Foundation,Cypress,CA,70715,90630.0,33.80982718,-118.0268351,2010/11/01 11:50:56+00,6553518.10347289,1753173.11040048,General Mental Health Program
213,-118.037722456366,33.9805867670792,63717,Health and Mental Health,Mental Health Programs,Center For Integrated Family And Health Services - Whittier,Whittier,CA,70802,90601.0,33.9805868,-118.0377224,2010/11/01 11:50:56+00,6550233.97093356,1815317.63801406,General Mental Health Program
100,-118.344242055769,33.810338967598,1357,Health and Mental Health,Mental Health Programs,Del Amo Behavioral Health System Of Southern California,Torrance,CA,1293,90505.0,33.810339,-118.344242,2013/06/01 11:50:56+00,6457093.96167588,1753537.35475072,General Mental Health Program
149,-118.350221955927,33.8246719273667,62324,Health and Mental Health,Mental Health Programs,Center For The Partially Sighted - South Bay Office,Torrance,CA,70164,90503.0,33.82467196,-118.3502219,2010/11/01 11:50:56+00,6455295.52465597,1758759.74358414,General Mental Health Program
247,-118.355626555484,33.8363488071559,64359,Health and Mental Health,Mental Health Programs,Harbor Resource And Assistive Technology Center,Torrance,CA,71133,90503.0,33.83634884,-118.3556265,2015/03/11 11:26:23+00,6453668.99739721,1763015.00114973,General Mental Health Program
42,-118.352720056262,33.8313189671322,401,Health and Mental Health,Mental Health Programs,1736 Family Crisis Center - South Bay Community Service Center,Torrance,CA,787,90503.0,33.831319,-118.35272,2017/10/30 15:07:51+00,6454545.25450297,1761181.41328147,General Mental Health Program
159,-118.290303555786,33.8522077772558,62543,Health and Mental Health,Mental Health Programs,Children's Institute Inc - Torrance Office,Torrance,CA,70277,90502.0,33.85220781,-118.2903035,2010/11/01 11:50:56+00,6473523.75263514,1768722.72037731,General Mental Health Program
259,-118.29891745637,33.8298178370728,64630,Health and Mental Health,Mental Health Programs,Project Abc,Torrance,CA,71276,90502.0,33.82981787,-118.2989174,2010/11/01 11:50:56+00,6470884.03941064,1760582.14971623,General Mental Health Program
178,-118.315949056193,33.8326087075163,62816,Health and Mental Health,Mental Health Programs,South Bay Children's Health Center - Child Guidance Clinic,Torrance,CA,70420,90501.0,33.83260874,-118.315949,2010/11/01 11:50:56+00,6465714.46215139,1761613.63584223,General Mental Health Program
69,-118.449381355726,34.0230513867697,883,Health and Mental Health,Mental Health Programs,Step Up On Second - Full Service Partnership Transitional Age Youth Program,Santa Monica,CA,1054,90405.0,34.02305142,-118.4493813,2013/06/01 11:50:56+00,6425500.23450914,1831073.61896923,General Mental Health Program
163,-118.483963155387,34.0214781567826,62629,Health and Mental Health,Mental Health Programs,Family Service Of Santa Monica,Santa Monica,CA,70306,90404.0,34.02147819,-118.4839631,2010/11/01 11:50:56+00,6415018.68887122,1830549.74567315,General Mental Health Program
258,-118.472015755332,34.040861756583,64619,Health and Mental Health,Mental Health Programs,La Vie Counseling Center - Santa Monica,Santa Monica,CA,71269,90403.0,34.04086179,-118.4720157,2010/11/01 11:50:56+00,6418672.11594756,1837586.52884364,General Mental Health Program
70,-118.498160055306,34.0153759666309,884,Health and Mental Health,Mental Health Programs,Step Up On Second,Santa Monica,CA,1055,90401.0,34.015376,-118.49816,2013/06/01 11:50:56+00,6410705.73981997,1828350.0797969,General Mental Health Program
72,-118.494890055602,34.0159819668087,890,Health and Mental Health,Mental Health Programs,Alcohol Drug Council - High Gain Project,Santa Monica,CA,1059,90401.0,34.015982,-118.49489,2013/06/01 11:50:56+00,6411697.77261281,1828565.71781707,General Mental Health Program
57,-118.354001055616,33.9451519668196,812,Health and Mental Health,Mental Health Programs,American Health Services - El Dorado Community Service Centers - Inglewood,Inglewood,CA,1003,90304.0,33.945152,-118.354001,2013/06/01 11:50:56+00,6454302.09586856,1802609.0682869,General Mental Health Program
117,-118.353429755488,33.9640587671073,61816,Health and Mental Health,Mental Health Programs,Didi Hirsch Inglewood Center,Inglewood,CA,68280,90301.0,33.9640588,-118.3534297,2013/08/21 13:53:45+00,6454499.56266522,1809489.01056373,General Mental Health Program
192,-118.344302756265,33.9662824569662,62963,Health and Mental Health,Mental Health Programs,Inglewood Center - Didi Hirsch,Inglewood,CA,70479,90301.0,33.96628249,-118.3443027,2010/11/01 11:50:56+00,6457269.91079906,1810288.64872822,General Mental Health Program
256,-118.353759855949,33.964287996629,64600,Health and Mental Health,Mental Health Programs,Idom Industries Inc.,Inglewood,CA,71260,90301.0,33.96428803,-118.3537598,2010/11/01 11:50:56+00,6454399.76004331,1809572.78369014,General Mental Health Program
127,-118.350436055709,33.9578288665502,61882,Health and Mental Health,Mental Health Programs,"Crawford Ministries, Inc.",Inglewood,CA,68350,90301.0,33.9578289,-118.350436,2013/08/21 16:19:04+00,6455399.43684971,1807218.65125932,General Mental Health Program
55,-118.464143055912,33.9993599667525,796,Health and Mental Health,Mental Health Programs,American Health Services - El Dorado Community Service Centers - Venice,Venice,CA,997,90291.0,33.99936,-118.464143,2013/06/01 11:50:56+00,6420987.41118573,1822472.2490329,General Mental Health Program
68,-118.378890655392,33.8520132467881,873,Health and Mental Health,Mental Health Programs,Beach Cities Health District Community Care Services Department,Redondo Beach,CA,1051,90277.0,33.85201328,-118.3788906,2013/06/01 11:50:56+00,6446625.36975221,1768741.4627939,General Mental Health Program
284,-118.20310805654,33.9298439669363,65740,Health and Mental Health,Mental Health Programs,St. Francis Medical Center  ,Lynwood,CA,72050,90262.0,33.929844,-118.203108,2013/08/21 11:23:29+00,6500056.48631497,1796911.33427556,General Mental Health Program
101,-118.203320556029,33.9294917475696,1375,Health and Mental Health,Mental Health Programs,St. Francis Medical Center,Lynwood,CA,1303,90262.0,33.92949178,-118.2033205,2016/01/27 16:55:36+00,6499991.76433155,1796783.28433481,General Mental Health Program
24,-118.225448056675,33.9232989666981,311,Health and Mental Health,Mental Health Programs,Shields For Families Inc - Eden,Lynwood,CA,712,90262.0,33.923299,-118.225448,2013/06/01 11:50:56+00,6493274.20230739,1794543.91381356,General Mental Health Program
260,-118.225098056542,33.9800888670734,64689,Health and Mental Health,Mental Health Programs,West Advisory Christian Counseling Center,Huntington Park,CA,71372,90255.0,33.9800889,-118.225098,2010/11/01 11:50:56+00,6493426.66558513,1815210.70548515,General Mental Health Program
155,-118.224114956407,33.9839417767144,62431,Health and Mental Health,Mental Health Programs,Los Angeles County Department Of Mental Health - San Antonio Mental Health Center,Huntington Park,CA,70222,90255.0,33.98394181,-118.2241149,2010/11/01 11:50:56+00,6493727.84083581,1816612.19054306,General Mental Health Program
243,-118.342601356444,33.9053150072432,64259,Health and Mental Health,Mental Health Programs,Arts And Services For Disabled Inc - Encouraging Personal Independence,Hawthorne,CA,71070,90250.0,33.90531504,-118.3426013,2010/11/01 11:50:56+00,6457710.18977414,1788099.60353948,General Mental Health Program
158,-118.31896865627,33.9169167475166,62505,Health and Mental Health,Mental Health Programs,Los Angeles County Department Of Mental Health - South Bay Mental Health Services,Hawthorne,CA,70255,90250.0,33.91691678,-118.3189686,2010/11/01 11:50:56+00,6464894.75217664,1792298.12368573,General Mental Health Program
71,-118.352527055564,33.9289721671834,888,Health and Mental Health,Mental Health Programs,A Home For Us Foundation Inc - Counseling Satellite,Hawthorne,CA,1058,90250.0,33.9289722,-118.352527,2013/06/01 11:50:56+00,6454728.50676113,1796719.34515823,General Mental Health Program
14,-118.352222056511,33.9119389673584,187,Health and Mental Health,Mental Health Programs,Los Angeles Metropolitan Medical Center - Hawthorne Psychiatric Campus,Hawthorne,CA,640,90250.0,33.911939,-118.352222,2013/06/01 11:50:56+00,6454799.30944106,1790520.29062723,General Mental Health Program
244,-118.340347656332,33.9021843774385,64260,Health and Mental Health,Mental Health Programs,Arts And Services For Disabled Inc - Cultural Education Center For The Arts,Hawthorne,CA,71071,90250.0,33.90218441,-118.3403476,2010/11/01 11:50:56+00,6458390.20022513,1786957.97786997,General Mental Health Program
249,-118.284576455656,33.892859077483,64369,Health and Mental Health,Mental Health Programs,Alafia Mental Health Institute - Gardena,Gardena,CA,71137,90248.0,33.89285911,-118.2845764,2010/11/01 11:50:56+00,6475304.58437531,1783511.68751848,General Mental Health Program
93,-118.303890056453,33.9028699675517,1183,Health and Mental Health,Mental Health Programs,Los Angeles County Department Of Mental Health - Coastal Asian Pacific Islander Family Mental Health Clinic,Gardena,CA,1218,90247.0,33.90287,-118.30389,2013/06/01 11:50:56+00,6469454.15447514,1787172.02599831,General Mental Health Program
242,-118.311639256366,33.8788072174753,64258,Health and Mental Health,Mental Health Programs,Arts And Services For Disabled Inc - Therapeutic Arts Program Ii,Gardena,CA,71069,90247.0,33.87880725,-118.3116392,2010/11/01 11:50:56+00,6467075.4984713,1778422.26265797,General Mental Health Program
26,-118.132942056525,33.9168909671641,329,Health and Mental Health,Mental Health Programs,Los Angeles County Probation Department - Juvenile Institutions - Residential Treatment Services Bureau,Downey,CA,723,90242.0,33.916891,-118.132942,2013/06/01 11:50:56+00,6521335.44933438,1792161.86936507,General Mental Health Program
96,-118.157998756855,33.9290994170632,1192,Health and Mental Health,Mental Health Programs,Los Angeles County Department Of Health Services - Rancho Los Amigos National Rehabilitation Center - Communication Disorders Department,Downey,CA,1224,90242.0,33.92909945,-118.1579987,2013/06/01 11:50:56+00,6513740.18302889,1796615.7968089,General Mental Health Program
209,-118.134304956876,33.9375216868555,63643,Health and Mental Health,Mental Health Programs,Community Family Guidance Center - Downey,Downey,CA,70781,90241.0,33.93752172,-118.1343049,2010/11/01 11:50:56+00,6520931.97409147,1799670.39535847,General Mental Health Program
191,-118.412502356067,34.0087931464224,62958,Health and Mental Health,Mental Health Programs,Culver-Palms Center - Didi Hirsch,Culver City,CA,70476,90232.0,34.00879318,-118.4125023,2010/11/01 11:50:56+00,6436653.83260871,1825836.89223798,General Mental Health Program
279,-118.379546856276,33.9895286068113,65609,Health and Mental Health,Mental Health Programs,Kohan International Foundation - Kohan Foundation Counseling Centers,Culver City,CA,71830,90230.0,33.98952864,-118.3795468,2010/11/01 11:50:56+00,6446615.08860481,1818786.83055073,General Mental Health Program
90,-118.384636055938,33.9886129669276,1111,Health and Mental Health,Mental Health Programs,Antioch University Counseling Center,Culver City,CA,1160,90230.0,33.988613,-118.384636,2013/06/01 11:50:56+00,6445071.08874005,1818459.47687472,General Mental Health Program
255,-118.207572356538,33.9050613768415,64500,Health and Mental Health,Mental Health Programs,Clear Path Counseling Center,Compton,CA,71205,90221.0,33.90506141,-118.2075723,2010/11/01 11:50:56+00,6498683.59601614,1787895.17022131,General Mental Health Program
121,-118.212997856116,33.8962991675824,61836,Health and Mental Health,Mental Health Programs,Compton Mental Health Center,Compton,CA,68293,90221.0,33.8962992,-118.2129978,2013/09/10 15:59:16+00,6497030.50188139,1784709.84883606,General Mental Health Program
287,-118.207198256455,33.9048670676163,65810,Health and Mental Health,Mental Health Programs,Shields For Families Inc. - Tamar Village,Compton,CA,72322,90221.0,33.9048671,-118.2071982,2013/08/14 08:21:34+00,6498796.96882088,1787824.22252856,General Mental Health Program
225,-118.213188356097,33.8965269575714,63823,Health and Mental Health,Mental Health Programs,Los Angeles County Department Of Mental Health - Compton Mental Health Center,Compton,CA,70857,90221.0,33.89652699,-118.2131883,2010/11/01 11:50:56+00,6496972.86551373,1784792.86933932,General Mental Health Program
180,-118.400193055875,34.0622709666078,62884,Health and Mental Health,Mental Health Programs,Chicago School Of Professional Psychology Counseling Center - Orange County,Irvine,CA,70451,90212.0,34.062271,-118.400193,2010/11/01 11:50:56+00,6440461.85747297,1845283.29297765,General Mental Health Program
84,-118.452529966376,34.0526682769666,1071,Health and Mental Health,Mental Health Programs,Veterans Administration Greater Los Angeles Healthcare System - West Los Angeles,Los Angeles,CA,1135,90073.0,34.05266831,-118.45252991,2016/01/29 11:29:36+00,6424594.6818583,1841855.9602654,General Mental Health Program
80,-118.415269055811,34.0476129669443,968,Health and Mental Health,Mental Health Programs,Belmar Child And Family Center,Los Angeles,CA,1082,90064.0,34.047613,-118.415269,2013/06/01 11:50:56+00,6435873.70129497,1839967.52965906,General Mental Health Program
162,-118.437389356095,34.0402794166027,62598,Health and Mental Health,Mental Health Programs,Los Angeles County Department Of Mental Health - Edmund D. Edelman Westside Mental Health Center,Los Angeles,CA,70295,90064.0,34.04027945,-118.4373893,2010/11/01 11:50:56+00,6429161.27016605,1837327.15272197,General Mental Health Program
74,-118.178423756232,34.0373764567479,904,Health and Mental Health,Mental Health Programs,Alzheimer's Association - Greater East Los Angeles Service Center,Los Angeles,CA,1064,90063.0,34.03737649,-118.1784237,2013/06/01 11:50:56+00,6507614.04797147,1836030.38858323,General Mental Health Program
119,-118.309062556391,34.0151248669012,61828,Health and Mental Health,Mental Health Programs,Portals Community Connections,Los Angeles,CA,68286,90062.0,34.0151249,-118.3090625,2013/08/21 14:14:45+00,6468010.1580193,1828028.60274956,General Mental Health Program
16,-118.265498356581,33.9183030670535,207,Health and Mental Health,Mental Health Programs,View Heights Convalescent Hospital,Los Angeles,CA,654,90061.0,33.9183031,-118.2654983,2013/05/28 15:18:27+00,6481119.01697214,1792755.47086814,General Mental Health Program
169,-118.242830355744,33.9241646868837,62765,Health and Mental Health,Mental Health Programs,Los Angeles County Department Of Mental Health - Augustus F. Hawkins Family Mental Health Center,Los Angeles,CA,70381,90059.0,33.92416472,-118.2428303,2010/11/01 11:50:56+00,6488001.55340388,1794871.25141348,General Mental Health Program
59,-118.254372056284,33.9246542469611,849,Health and Mental Health,Mental Health Programs,Mental Health America Of Los Angeles - Project Return Peer Support Network - Pearl Ella Johnson Wellness Center,Los Angeles,CA,1029,90059.0,33.92465428,-118.254372,2013/06/01 11:50:56+00,6484500.54170513,1795058.07256214,General Mental Health Program
283,-118.241751056674,33.9239728669644,65737,Health and Mental Health,Mental Health Programs,Augustus Hawkins Mental Health Center,Los Angeles,VA,72048,90059.0,33.9239729,-118.241751,2013/12/18 10:02:49+00,6488328.81784122,1794800.6547699,General Mental Health Program
94,-118.239431056153,34.0149419665211,1184,Health and Mental Health,Mental Health Programs,California State Department Of Corrections And Rehabilitation - Division Of Adult Parole Operations - Outpatient Clinic,Los Angeles,CA,1219,90058.0,34.014942,-118.239431,2013/06/01 11:50:56+00,6489111.50525223,1827904.47012381,General Mental Health Program
285,-118.309062556391,34.0151248669012,65757,Health and Mental Health,Mental Health Programs,Pacific Clinics/Portals,Los Angeles,CA,72076,90052.0,34.0151249,-118.3090625,2013/09/11 08:46:40+00,6468010.1580193,1828028.60274956,General Mental Health Program
271,-118.459663155851,34.0657991164825,65281,Health and Mental Health,Mental Health Programs,Personal Growth Institute - West Los Angeles,Los Angeles,CA,71650,90049.0,34.06579915,-118.4596631,2010/11/01 11:50:56+00,6422455.83738272,1846644.28074123,General Mental Health Program
85,-118.367959156042,34.0639135172044,1079,Health and Mental Health,Mental Health Programs,Los Angeles Therapy Center And Associates,Los Angeles,CA,1140,90048.0,34.06391355,-118.3679591,2013/06/01 11:50:56+00,6450226.84384847,1845843.74133182,General Mental Health Program
110,-118.380830356463,34.0751987467355,1726,Health and Mental Health,Mental Health Programs,Teen Line,Los Angeles,CA,1898,90048.0,34.07519878,-118.3808303,2013/05/28 15:00:34+00,6446344.13146955,1849965.1428659,General Mental Health Program
9,-118.310283156015,33.9284297669713,144,Health and Mental Health,Mental Health Programs,Shields For Families Inc. - Tamar Village,Los Angeles,CA,619,90047.0,33.9284298,-118.3102831,2016/05/16 08:38:19+00,6467542.8715523,1796479.70390522,General Mental Health Program
286,-118.254735455844,33.9456783670196,65763,Health and Mental Health,Mental Health Programs,NAMI (National Alliance for the Mentally Ill)  South Central Los Angeles,Los Angelels,CA,72117,90047.0,33.9456784,-118.2547354,2013/09/11 09:48:03+00,6484409.68558763,1802709.47228555,General Mental Health Program
164,-118.345351355784,34.1037573969935,62663,Health and Mental Health,Mental Health Programs,Aviva Family And Children's Services,Los Angeles,CA,70332,90046.0,34.10375743,-118.3453513,2010/11/01 11:50:56+00,6457123.84022506,1860319.30391607,General Mental Health Program
272,-118.38626405593,33.9464693165285,65317,Health and Mental Health,Mental Health Programs,National Veterans Foundation,Los Angeles,CA,71668,90045.0,33.94646935,-118.386264,2010/11/01 11:50:56+00,6444518.64069797,1803124.50918515,General Mental Health Program
120,-118.291926055854,33.9626736670565,61832,Health and Mental Health,Mental Health Programs,"Exodus Recovery Inc.,",Los Angeles,CA,68291,90044.0,33.9626737,-118.291926,2013/09/11 08:43:54+00,6473147.8564053,1808925.07665223,General Mental Health Program
184,-118.332012955961,34.0033227471676,62914,Health and Mental Health,Mental Health Programs,Los Angeles Child Guidance Clinic - Leimert Park Site,Los Angeles,CA,70459,90043.0,34.00332278,-118.3320129,2013/08/13 09:58:35+00,6461040.96788947,1823755.77369681,General Mental Health Program
157,-118.184270656514,34.1043290670311,62437,Health and Mental Health,Mental Health Programs,Los Angeles County Department Of Mental Health - Northeast Los Angeles,Los Angeles,CA,70224,90042.0,34.1043291,-118.1842706,2010/11/01 11:50:56+00,6505887.30503389,1860398.88118473,General Mental Health Program
18,-118.181761056888,34.1136389668717,256,Health and Mental Health,Mental Health Programs,Dignity Los Angeles,Los Angeles,CA,678,90042.0,34.113639,-118.181761,2017/10/31 16:51:51+00,6506653.14503764,1863785.5384534,General Mental Health Program
29,-118.169741656815,34.0117399665868,338,Health and Mental Health,Mental Health Programs,Dorothy Kirby Center Mental Health Unit,Commerce,CA,746,90040.0,34.01174,-118.1697416,2010/11/01 19:50:56+00,6510228.67036688,1826696.21565056,General Mental Health Program
60,-118.149290136091,33.9970866674921,851,Health and Mental Health,Mental Health Programs,Project Return Peer Support Network,City Of Commerce,CA,1030,90040.0,33.9970867,-118.14929008,2013/05/29 14:32:33+00,6516418.75575572,1821353.75126989,General Mental Health Program
263,-118.260720956915,34.1004053069463,65016,Health and Mental Health,Mental Health Programs,Los Angeles Therapy Center And Associates - Silverlake Blvd.,Los Angeles,CA,71548,90039.0,34.10040534,-118.2607209,2010/11/01 11:50:56+00,6482740.35067172,1859022.18315072,General Mental Health Program
167,-118.326463756029,34.0932569569638,62716,Health and Mental Health,Mental Health Programs,Los Angeles County Department Of Mental Health - Hollywood Mental Health Center,Los Angeles,CA,70349,90038.0,34.09325699,-118.3264637,2010/11/01 11:50:56+00,6462829.15821072,1856478.90969397,General Mental Health Program
122,-118.290803486336,33.9948072472266,61840,Health and Mental Health,Mental Health Programs,OASIS House,Los Angeles ,CA,68296,90037.0,33.99480728,-118.29080343,2013/09/10 16:01:22+00,6473522.09023689,1820618.12675689,General Mental Health Program
153,-118.287254356283,33.9902033067705,62401,Health and Mental Health,Mental Health Programs,St. John's Well Child And Family Center - Dr. Louis C. Frayser Community Clinic,Los Angeles,CA,70213,90037.0,33.99020334,-118.2872543,2015/03/11 11:23:20+00,6474593.11040455,1818939.5710589,General Mental Health Program
76,-118.357882056364,34.0624459668127,909,Health and Mental Health,Mental Health Programs,Alzheimer's Association - California Southland Chapter,Los Angeles,CA,1066,90036.0,34.062446,-118.357882,2017/10/16 16:30:23+00,6453276.97259071,1845298.65547973,General Mental Health Program
88,-118.386155455709,34.0474915471576,1095,Health and Mental Health,Mental Health Programs,Alcott Center For Mental Health Services - Graduate House,Los Angeles,CA,1147,90035.0,34.04749158,-118.3861554,2013/06/01 11:50:56+00,6444692.81259371,1839888.18500148,General Mental Health Program
237,-118.376717556044,34.0570138163869,64215,Health and Mental Health,Mental Health Programs,"Behavioral Management Group, Inc. - Los Angeles Office",Los Angeles,CA,71055,90035.0,34.05701385,-118.3767175,2010/11/01 11:50:56+00,6447564.79602297,1843342.65053348,General Mental Health Program
89,-118.386600055995,34.0442239670392,1096,Health and Mental Health,Mental Health Programs,Alcott Center For Mental Health Services - The Plaza,Los Angeles,CA,1148,90034.0,34.044224,-118.3866,2013/06/01 11:50:56+00,6444553.55762288,1838699.57517397,General Mental Health Program
170,-118.210081556032,34.0578196466031,62768,Health and Mental Health,Mental Health Programs,Los Angeles County Department Of Health Services - Los Angeles County And Usc Healthcare Network - Adult Psychiatric Outpatient,Los Angeles,CA,70384,90033.0,34.05781968,-118.2100815,2010/11/01 11:50:56+00,6498038.37847455,1843488.58331248,General Mental Health Program
10,-118.208452056644,34.0572429669343,159,Health and Mental Health,Mental Health Programs,Los Angeles County Department Of Health Services - Los Angeles County And Usc Healthcare Network - Psychiatric Emergency Unit,Los Angeles,CA,626,90033.0,34.057243,-118.208452,2013/06/01 11:50:56+00,6498531.5044568,1843277.69134581,General Mental Health Program
95,-118.205327055951,34.0596668272994,1187,Health and Mental Health,Mental Health Programs,Los Angeles County Department Of Health Services - Los Angeles County And Usc Healthcare Network - Child / Adolescent Psychiatry - Outpatient,Los Angeles,CA,1221,90033.0,34.05966686,-118.205327,2013/06/01 11:50:56+00,6499479.84836064,1844157.83098973,General Mental Health Program
27,-118.208805956227,34.0603983365469,334,Health and Mental Health,Mental Health Programs,Psychiatric Emergency Services,Los Angeles,CA,742,90033.0,34.06039837,-118.2088059,2010/11/01 19:50:56+00,6498426.69593939,1844426.21135847,General Mental Health Program
102,-118.207859056513,34.0609229670756,1465,Health and Mental Health,Mental Health Programs,Archdiocese Of Los Angeles - Hiv/Aids Ministry,Los Angeles,CA,1329,90033.0,34.060923,-118.207859,2013/06/01 11:50:56+00,6498713.88959073,1844616.53971797,General Mental Health Program
30,-118.215772056123,34.0666594771745,339,Health and Mental Health,Mental Health Programs,Countywide Resource Management,Los Angeles,CA,750,90031.0,34.06665951,-118.215772,2010/11/01 19:50:56+00,6496321.68112056,1846709.21171373,General Mental Health Program
21,-118.205327055951,34.0596668272994,281,Health and Mental Health,Mental Health Programs,Violence Intervention Program - Community-Based Assessment And Treatment Center,Los Angeles,CA,696,90031.0,34.05966686,-118.205327,2013/06/01 11:50:56+00,6499479.84836064,1844157.83098973,General Mental Health Program
154,-118.203836655993,34.0760514365031,62410,Health and Mental Health,Mental Health Programs,St. John's Well Child And Family Center - Lincoln Heights Clinic At Lincoln High School,Los Angeles,CA,70214,90031.0,34.07605147,-118.2038366,2010/11/01 11:50:56+00,6499943.35891655,1850119.57365939,General Mental Health Program
241,-118.211629756339,34.0632171668743,64249,Health and Mental Health,Mental Health Programs,Violence Intervention Program - Community Mental Health Center,Los Angeles,CA,71067,90031.0,34.0632172,-118.2116297,2010/11/01 11:50:56+00,6497573.57756689,1845453.82446073,General Mental Health Program
264,-118.29844495595,34.0978791765323,65050,Health and Mental Health,Mental Health Programs,Los Angeles County Department Of Mental Health -  Hollywood Mental Health Center - Wellness Center,Los Angeles,CA,71560,90027.0,34.09787921,-118.2984449,2010/11/01 11:50:56+00,6471317.18585405,1858134.64588381,General Mental Health Program
187,-118.258507356557,34.06053283713,62948,Health and Mental Health,Mental Health Programs,Hillsides Community Center,Los Angeles,CA,70471,90026.0,34.06053287,-118.2585073,2010/11/01 11:50:56+00,6483373.17224072,1844510.15082315,General Mental Health Program
240,-118.278940656413,34.0716974571264,64236,Health and Mental Health,Mental Health Programs,Heritage Clinic - Los Angeles,Los Angeles,CA,71061,90026.0,34.07169749,-118.2789406,2010/11/01 11:50:56+00,6477195.58781114,1848589.70007873,General Mental Health Program
166,-118.278940656413,34.0716974571264,62698,Health and Mental Health,Mental Health Programs,St. Anne's Residential Facility,Los Angeles,CA,70344,90026.0,34.07169749,-118.2789406,2015/03/11 12:23:42+00,6477195.58781114,1848589.70007873,General Mental Health Program
261,-118.263459455926,34.0696603867803,64988,Health and Mental Health,Mental Health Programs,Silver Lake Medical Center,Los Angeles,CA,71542,90026.0,34.06966042,-118.2634594,2016/02/05 10:25:53+00,6481881.98099738,1847835.72455256,General Mental Health Program
15,-118.259793055823,34.0772919664136,199,Health and Mental Health,Mental Health Programs,El Centro Del Pueblo,Los Angeles,CA,649,90026.0,34.077292,-118.259793,2013/06/01 11:50:56+00,6482999.52108514,1850610.10286206,General Mental Health Program
12,-118.25580705585,34.0850949665844,161,Health and Mental Health,Mental Health Programs,Gateways Hospital And Mental Health Center - Residential Reentry Center,Los Angeles,CA,628,90026.0,34.085095,-118.255807,2013/06/01 11:50:56+00,6484213.78998205,1853446.65788448,General Mental Health Program
156,-118.256590856375,34.0844862166668,62434,Health and Mental Health,Mental Health Programs,Gateways Hospital And Mental Health Center,Los Angeles,CA,70223,90026.0,34.08448625,-118.2565908,2010/11/01 11:50:56+00,6483975.8957728,1853225.72788015,General Mental Health Program
81,-118.444617056138,34.0587579670626,974,Health and Mental Health,Mental Health Programs,Center For The Research And Treatment Of Anorexia Nervosa,Los Angeles,CA,1084,90024.0,34.058758,-118.444617,2013/06/01 11:50:56+00,6427001.36503705,1844061.39843981,General Mental Health Program
11,-118.445114055646,34.0657189667891,160,Health and Mental Health,Mental Health Programs,Ucla Resnick Neuropsychiatric Hospital - Child And Adolescent Services,Los Angeles,CA,627,90024.0,34.065719,-118.445114,2013/06/01 11:50:56+00,6426862.04871464,1846595.28182347,General Mental Health Program
171,-118.44460405637,34.0727229666109,62775,Health and Mental Health,Mental Health Programs,Ucla Resnick Neuropsychiatric Hospital - Adult Psychiatric Inpatient Service,Los Angeles,CA,70394,90024.0,34.072723,-118.444604,2010/11/01 11:50:56+00,6427027.78132281,1849143.46307881,General Mental Health Program
172,-118.445212755719,34.0657271171233,62776,Health and Mental Health,Mental Health Programs,Ucla Resnick Neuropsychiatric Hospital - Adult Partial Hospital Program,Los Angeles,CA,70395,90024.0,34.06572715,-118.4452127,2010/11/01 11:50:56+00,6426832.16950931,1846598.38024248,General Mental Health Program
217,-118.157959756202,34.0110824670961,63758,Health and Mental Health,Mental Health Programs,Enki - Youth And Family Services - City Of Commerce,City of Commerce,CA,70819,90022.0,34.0110825,-118.1579597,2016/02/04 11:51:47+00,6513798.89813456,1826451.11837173,General Mental Health Program
214,-118.154663756773,34.0175033967091,63748,Health and Mental Health,Mental Health Programs,Enki - Youth And Family Services - Margarita Mendez Center,City of Commerce,CA,70816,90022.0,34.01750343,-118.1546637,2010/11/01 11:50:56+00,6514801.38169388,1828786.26822898,General Mental Health Program
229,-118.30380475576,34.0636999169895,64077,Health and Mental Health,Mental Health Programs,"Korean Health, Education, Information And Research Center",Los Angeles,CA,70963,90020.0,34.06369995,-118.3038047,2010/11/01 11:50:56+00,6469656.93654989,1845701.08184023,General Mental Health Program
35,-118.291444955776,34.0640302468723,350,Health and Mental Health,Mental Health Programs,Hiv/co-occurring Disorders Systemwide,Los Angeles,CA,763,90020.0,34.06403028,-118.2914449,2010/11/01 19:50:56+00,6473400.68956105,1845810.21088706,General Mental Health Program
97,-118.291446256556,34.0640301869369,1200,Health and Mental Health,Mental Health Programs,Los Angeles County Department Of Mental Health - Administration,Los Angeles,CA,1236,90020.0,34.06403022,-118.2914462,2013/06/01 11:50:56+00,6473400.29553297,1845810.19021781,General Mental Health Program
36,-118.291444955776,34.0640302468723,351,Health and Mental Health,Mental Health Programs,Medi-cal Mental Health Plan,Los Angeles,CA,764,90020.0,34.06403028,-118.2914449,2010/11/01 19:50:56+00,6473400.68956105,1845810.21088706,General Mental Health Program
38,-118.291830956596,34.0601603064918,353,Health and Mental Health,Mental Health Programs,Homeless & Housing Division,Los Angeles,CA,766,90020.0,34.06016034,-118.2918309,2010/11/01 19:50:56+00,6473279.69341198,1844402.21009414,General Mental Health Program
39,-118.291830956596,34.0601603064918,354,Health and Mental Health,Mental Health Programs,Mental Health Services Act Housing,Los Angeles,CA,767,90020.0,34.06016034,-118.2918309,2010/11/01 19:50:56+00,6473279.69341198,1844402.21009414,General Mental Health Program
176,-118.261804256547,34.0439658273105,62810,Health and Mental Health,Mental Health Programs,Asian Pacific Counseling And Treatment Centers - Metro Center,Los Angeles,CA,70418,90015.0,34.04396586,-118.2618042,2010/11/01 11:50:56+00,6482358.90064722,1838483.69863723,General Mental Health Program
254,-118.270359856489,34.0472756471966,64465,Health and Mental Health,Mental Health Programs,Crystal Hope Medical Services Inc,Los Angeles,CA,71186,90015.0,34.04727568,-118.2703598,2010/11/01 11:50:56+00,6479770.29788481,1839695.06334047,General Mental Health Program
41,-118.261804256547,34.0439658273105,362,Health and Mental Health,Mental Health Programs,Special Service For Groups - Asian Pacific Islander Mental Health Alliance,Los Angeles,CA,773,90015.0,34.04396586,-118.2618042,2013/06/01 11:50:56+00,6482358.90064722,1838483.69863723,General Mental Health Program
266,-118.27003675635,34.0330256970661,65219,Health and Mental Health,Mental Health Programs,Los Angeles Trade Technical College - Career Resource Center,Los Angeles,CA,71627,90015.0,34.03302573,-118.2700367,2010/11/01 11:50:56+00,6479854.24292688,1834508.98184915,General Mental Health Program
48,-118.264737656335,34.0468611471973,516,Health and Mental Health,Mental Health Programs,Salvation Army Corps Community Center - El Centro,Los Angeles,CA,838,90015.0,34.04686118,-118.2647376,2013/06/01 11:50:56+00,6481473.02840322,1839539.68602656,General Mental Health Program
165,-118.264150056771,34.0429629672615,62684,Health and Mental Health,Mental Health Programs,Free Spirit: For Victims Of Domestic Violence,Los Angeles,CA,70341,90015.0,34.042963,-118.26415,2010/11/01 11:50:56+00,6481647.30233289,1838120.59864165,General Mental Health Program
265,-118.261804256547,34.0439658273105,65064,Health and Mental Health,Mental Health Programs,Special Service For Groups - Older Adults Program,Los Angeles,CA,71567,90015.0,34.04396586,-118.2618042,2010/11/01 11:50:56+00,6482358.90064722,1838483.69863723,General Mental Health Program
4,-118.265746295854,34.0373643265048,55,Health and Mental Health,Mental Health Programs,California Hospital Medical Center,Los Angeles,CA,574,90015.0,34.03736436,-118.26574624,2016/01/21 17:29:05+00,6481158.34366514,1836084.42489247,General Mental Health Program
168,-118.247433756224,34.0447906572823,62756,Health and Mental Health,Mental Health Programs,Los Angeles County Department Of Mental Health - Downtown Mental Health Center,Los Angeles,CA,70372,90013.0,34.04479069,-118.2474337,2010/11/01 11:50:56+00,6486713.05532472,1838772.84208781,General Mental Health Program
203,-118.244318755966,34.0444976371832,63606,Health and Mental Health,Mental Health Programs,Golden West - Sro Housing Corporation,Los Angeles,CA,70765,90013.0,34.04449767,-118.2443187,2010/11/01 11:50:56+00,6487656.44877914,1838663.89840806,General Mental Health Program
37,-118.242235156715,34.0433925568822,352,Health and Mental Health,Mental Health Programs,Downtown Mental Health Center,Los Angeles,CA,765,90013.0,34.04339259,-118.2422351,2011/02/23 18:31:56+00,6488286.68373914,1838260.2115514,General Mental Health Program
40,-118.243152056549,34.0452189665425,356,Health and Mental Health,Mental Health Programs,Special Service For Groups -  Project 180,Los Angeles,CA,772,90013.0,34.045219,-118.243152,2017/10/30 14:43:13+00,6488010.52287413,1838925.54650681,General Mental Health Program
200,-118.239869156098,34.0625537067912,63422,Health and Mental Health,Mental Health Programs,Chinatown Service Center,Los Angeles,CA,70657,90012.0,34.06255374,-118.2398691,2016/02/03 15:02:57+00,6489020.08778414,1845231.58770047,General Mental Health Program
281,-118.232530906555,34.0575449972028,65710,Health and Mental Health,Mental Health Programs,Center For Health Justice,Los Angeles,CA,71887,90012.0,34.05754503,-118.23253085,2014/01/08 14:03:11+00,6491238.43603772,1843403.60382365,General Mental Health Program
43,-118.246972056022,34.0524119670254,437,Health and Mental Health,Mental Health Programs,Bienvenidos Children's Center Inc,Los Angeles,CA,798,90012.0,34.052412,-118.246972,2013/06/01 11:50:56+00,6486859.7364618,1841546.03306372,General Mental Health Program
124,-118.268607056527,33.9885729673293,61848,Health and Mental Health,Mental Health Programs,Special Services for Groups (SSG) Weber Community Center,Los Angeles,CA,68300,90011.0,33.988573,-118.268607,2013/08/21 14:43:33+00,6480244.18538848,1818330.62936339,General Mental Health Program
118,-118.26695205606,34.0073849667321,61821,Health and Mental Health,Mental Health Programs,Kedren Community Mental Health Center,Los Angeles ,CA,68282,90011.0,34.007385,-118.266952,2013/08/21 14:05:47+00,6480764.06623846,1825175.34205189,General Mental Health Program
218,-118.265431055826,34.0072094273133,63761,Health and Mental Health,Mental Health Programs,Kedren Community Mental Health Center,Los Angeles,CA,70820,90011.0,34.00720946,-118.265431,2010/11/01 11:50:56+00,6481224.87240347,1825110.23916373,General Mental Health Program
276,-118.302802355998,34.0615637770528,65365,Health and Mental Health,Mental Health Programs,Aviva Community Mental Health Services - Outpatient,Los Angeles,CA,71698,90010.0,34.06156381,-118.3028023,2010/11/01 11:50:56+00,6469958.19086863,1844922.78680889,General Mental Health Program
114,-118.29320445573,34.0620033669627,55889,Health and Mental Health,Mental Health Programs,Mental Health Advocacy Services,Los Angeles,CA,57859,90010.0,34.0620034,-118.2932044,2013/08/29 10:58:08+00,6472865.64141855,1845074.14313348,General Mental Health Program
129,-118.29320445573,34.0620033669627,61914,Health and Mental Health,Mental Health Programs,Mental Health America,Los Angeles,CA,68391,90010.0,34.0620034,-118.2932044,2013/08/29 10:55:44+00,6472865.64141855,1845074.14313348,General Mental Health Program
111,-118.331655556113,34.0056297873309,1760,Health and Mental Health,Mental Health Programs,NAMI - Urban Los Angeles,Los Angeles,CA,1924,90008.0,34.00562982,-118.3316555,2013/09/11 10:06:12+00,6461152.0614993,1824594.99052231,General Mental Health Program
130,-118.338908556568,34.0061297670478,61920,Health and Mental Health,Mental Health Programs,West Central Mental Health,Los Angeles,CA,68400,90008.0,34.0061298,-118.3389085,2013/09/10 16:11:25+00,6458954.44122264,1824784.27459256,General Mental Health Program
288,-118.339152056465,34.0065339665928,65819,Health and Mental Health,Mental Health Programs,SA 6 Advisory Committee (SAAC) West Central Mental Health,Los Angeles,CA,72809,90008.0,34.006534,-118.339152,2013/12/18 09:37:24+00,6458881.13821964,1824931.61911415,General Mental Health Program
179,-118.338665756495,34.0062468965208,62821,Health and Mental Health,Mental Health Programs,West Central Family Mental Health Center,Los Angeles,CA,70423,90008.0,34.00624693,-118.3386657,2013/09/11 08:51:11+00,6459028.1720463,1824826.65213248,General Mental Health Program
25,-118.33765245624,34.0069930164886,316,Health and Mental Health,Mental Health Programs,Eggleston Youth Center Inc,Los Angeles,CA,720,90008.0,34.00699305,-118.3376524,2013/06/01 11:50:56+00,6459336.19209956,1825097.14568597,General Mental Health Program
248,-118.339155856269,34.0091321968497,64367,Health and Mental Health,Mental Health Programs,Alafia Mental Health Institute,Los Angeles,CA,71136,90008.0,34.00913223,-118.3391558,2018/02/28 13:20:31+00,6458883.17692947,1825877.16643564,General Mental Health Program
123,-118.338483056357,34.0067245673186,61844,Health and Mental Health,Mental Health Programs,SISTAHFRIENDS,Los Angeles,CA,68298,90008.0,34.0067246,-118.338483,2013/08/21 14:39:14+00,6459084.12961155,1825000.29876681,General Mental Health Program
185,-118.291758656665,34.0174563572069,62921,Health and Mental Health,Mental Health Programs,Los Angeles Child Guidance Clinic - Exposition Park Site,Los Angeles,CA,70460,90007.0,34.01745639,-118.2917586,2010/11/01 11:50:56+00,6473256.4841408,1828861.40357739,General Mental Health Program
174,-118.299476956152,34.0328810669436,62793,Health and Mental Health,Mental Health Programs,Special Service For Groups - Asian Pacific Residential Treatment Program,Los Angeles,CA,70407,90007.0,34.0328811,-118.2994769,2010/11/01 11:50:56+00,6470934.27946764,1834481.61707447,General Mental Health Program
152,-118.286306656716,34.0394683670584,62384,Health and Mental Health,Mental Health Programs,St. John's Well Child And Family Center,Los Angeles,CA,70211,90007.0,34.0394684,-118.2863066,2010/11/01 11:50:56+00,6474931.45749688,1836867.22877306,General Mental Health Program
183,-118.291824356715,34.0266565570389,62911,Health and Mental Health,Mental Health Programs,Los Angeles Child Guidance Clinic,Los Angeles,CA,70458,90007.0,34.02665659,-118.2918243,2010/11/01 11:50:56+00,6473246.29485673,1832209.58421698,General Mental Health Program
126,-118.273613055982,34.0212238669546,61877,Health and Mental Health,Mental Health Programs,Hill Street Community Wellness Center,Los Angeles,CA,68346,90007.0,34.0212239,-118.273613,2013/08/21 16:07:55+00,6478759.0026633,1830217.00683731,General Mental Health Program
86,-118.284368056246,34.0537629672022,1087,Health and Mental Health,Mental Health Programs,Salvation Army Los Angeles Korean Corps - Korean Senior Citizens Center,Los Angeles,CA,1142,90006.0,34.053763,-118.284368,2014/06/09 11:39:51+00,6475533.48713271,1842067.6251964,General Mental Health Program
252,-118.308806055883,34.0409155566772,64425,Health and Mental Health,Mental Health Programs,Los Angeles New Life Center Inc,Los Angeles,CA,71168,90006.0,34.04091559,-118.308806,2010/11/01 11:50:56+00,6468116.72342297,1837414.06494972,General Mental Health Program
267,-118.293033856693,34.0593162064125,65235,Health and Mental Health,Mental Health Programs,Children's Institute Inc - Mid-Wilshire Office Building Two,Los Angeles,CA,71633,90005.0,34.05931624,-118.2930338,2015/03/11 11:23:20+00,6472914.46087472,1844096.08701873,General Mental Health Program
113,-118.303030056752,34.0629521771724,55734,Health and Mental Health,Mental Health Programs,AIDS Project Los Angeles (APLA),Los Angeles,CA,57722,90005.0,34.06295221,-118.30303,2013/10/24 14:53:28+00,6469890.74874631,1845428.25791082,General Mental Health Program
49,-118.264985055674,33.9489929673159,525,Health and Mental Health,Mental Health Programs,Los Angeles Wings Of Faith Inc,Los Angeles,CA,841,90003.0,33.948993,-118.264985,2013/06/01 11:50:56+00,6481304.19311097,1803923.7602113,General Mental Health Program
211,-118.266016256057,33.9484326969912,63696,Health and Mental Health,Mental Health Programs,Los Angeles Unified School District - Mental Health Center - Los Angeles,Los Angeles,CA,70795,90003.0,33.94843273,-118.2660162,2010/11/01 11:50:56+00,6480990.90600789,1803720.69237597,General Mental Health Program
44,-118.244546056446,33.9531869673904,459,Health and Mental Health,Mental Health Programs,92Nd And Maie Child Development Center,Los Angeles,CA,804,90002.0,33.953187,-118.244546,2017/10/16 14:16:17+00,6487506.74796306,1805434.33264948,General Mental Health Program
128,-118.264840055754,33.9708339669344,61886,Health and Mental Health,Mental Health Programs,Stay Free Alcohol and Drug Program Counseling Service (SFADPCS),Los Angeles,CA,68353,90001.0,33.970834,-118.26484,2013/08/21 16:14:16+00,6481369.11128822,1811872.02679506,General Mental Health Program
250,-118.24772265654,33.9664351770312,64408,Health and Mental Health,Mental Health Programs,Tessie Cleveland Community Service Corp.,Los Angeles,CA,71161,90001.0,33.96643521,-118.2477226,2013/08/21 14:47:54+00,6486555.26266131,1810257.98573181,General Mental Health Program
